{
  "depot": "KARIMNAGAR-I",
  "target_date": "2026-03-12",
  "predicted_depot_pkm": 1599446.625,
  "total_services": 108,
  "count_add_slot": 24,
  "count_cut": 2,
  "count_no_change": 82,
  "total_allocated_pkm": 1532108.2339360088,
  "quadrant_counts": {
    "UNDERSUPPLY": 57,
    "OVERSUPPLY": 46,
    "INEFFICIENT": 5
  },
  "quadrant_pcts": {
    "UNDERSUPPLY": 52.8,
    "OVERSUPPLY": 42.6,
    "INEFFICIENT": 4.6
  },
  "total_revenue": 1918083.0466159813,
  "total_contribution": 780551.2866159815,
  "total_planned_kms": 47350.0,
  "depot_avg_epk": 41.500939896808674,
  "depot_avg_or": 0.6705088043587429,
  "revenue_by_quadrant": {
    "INEFFICIENT": 11803.287381055827,
    "OVERSUPPLY": 768755.9010142228,
    "UNDERSUPPLY": 1137523.8582207027
  },
  "contribution_by_quadrant": {
    "INEFFICIENT": -33632.55261894417,
    "OVERSUPPLY": 268618.90101422276,
    "UNDERSUPPLY": 545564.9382207028
  }
}