{
  "depot": "IBRAHIMPATNAM",
  "target_date": "2026-03-12",
  "predicted_depot_pkm": 2099452.0,
  "total_services": 189,
  "count_add_slot": 51,
  "count_cut": 0,
  "count_no_change": 138,
  "total_allocated_pkm": 1865460.3764021704,
  "quadrant_counts": {
    "UNDERSUPPLY": 121,
    "OVERSUPPLY": 68
  },
  "quadrant_pcts": {
    "UNDERSUPPLY": 64.0,
    "OVERSUPPLY": 36.0
  },
  "total_revenue": 2535477.42876466,
  "total_contribution": 1656412.6487646597,
  "total_planned_kms": 44803.0,
  "depot_avg_epk": 58.14254375684246,
  "depot_avg_or": 0.7680954898295418,
  "revenue_by_quadrant": {
    "OVERSUPPLY": 802310.9501308763,
    "UNDERSUPPLY": 1733166.4786337835
  },
  "contribution_by_quadrant": {
    "OVERSUPPLY": 441887.9101308763,
    "UNDERSUPPLY": 1214524.7386337835
  }
}