{
  "depot": "WARANGAL-II",
  "target_date": "2026-03-12",
  "predicted_depot_pkm": 2654411.5,
  "total_services": 158,
  "count_add_slot": 33,
  "count_cut": 6,
  "count_no_change": 119,
  "total_allocated_pkm": 2571963.0905566914,
  "quadrant_counts": {
    "UNDERSUPPLY": 74,
    "INEFFICIENT": 57,
    "OVERSUPPLY": 27
  },
  "quadrant_pcts": {
    "UNDERSUPPLY": 46.8,
    "INEFFICIENT": 36.1,
    "OVERSUPPLY": 17.1
  },
  "total_revenue": 3393202.4652569564,
  "total_contribution": 439841.9052569567,
  "total_planned_kms": 75884.0,
  "depot_avg_epk": 45.0061394962384,
  "depot_avg_or": 0.6743083134068218,
  "revenue_by_quadrant": {
    "INEFFICIENT": 925259.1352323537,
    "OVERSUPPLY": 545752.616707311,
    "UNDERSUPPLY": 1922190.7133172918
  },
  "contribution_by_quadrant": {
    "INEFFICIENT": -246340.2647676463,
    "OVERSUPPLY": 50068.616707311085,
    "UNDERSUPPLY": 636113.553317292
  }
}