{
  "depot": "THORROR",
  "target_date": "2026-03-12",
  "predicted_depot_pkm": 1818661.625,
  "total_services": 94,
  "count_add_slot": 53,
  "count_cut": 4,
  "count_no_change": 37,
  "total_allocated_pkm": 1746336.4926347851,
  "quadrant_counts": {
    "UNDERSUPPLY": 74,
    "OVERSUPPLY": 16,
    "INEFFICIENT": 4
  },
  "quadrant_pcts": {
    "UNDERSUPPLY": 78.7,
    "OVERSUPPLY": 17.0,
    "INEFFICIENT": 4.3
  },
  "total_revenue": 2172551.9615191137,
  "total_contribution": 1234821.1915191133,
  "total_planned_kms": 40942.0,
  "depot_avg_epk": 53.20633524557339,
  "depot_avg_or": 0.8459006438488309,
  "revenue_by_quadrant": {
    "INEFFICIENT": 15655.722183244385,
    "OVERSUPPLY": 275977.9481351318,
    "UNDERSUPPLY": 1880918.291200737
  },
  "contribution_by_quadrant": {
    "INEFFICIENT": -14366.557816755616,
    "OVERSUPPLY": 119963.7981351318,
    "UNDERSUPPLY": 1129223.9512007372
  }
}