{
  "depot": "KUKATPALLY",
  "target_date": "2026-03-14",
  "predicted_depot_pkm": 1734034.5,
  "total_services": 204,
  "count_add_slot": 83,
  "count_cut": 0,
  "count_no_change": 121,
  "total_allocated_pkm": 1556594.142888581,
  "quadrant_counts": {
    "UNDERSUPPLY": 129,
    "OVERSUPPLY": 55,
    "INEFFICIENT": 20
  },
  "quadrant_pcts": {
    "UNDERSUPPLY": 63.2,
    "OVERSUPPLY": 27.0,
    "INEFFICIENT": 9.8
  },
  "total_revenue": 2588325.0874488847,
  "total_contribution": 1797076.5874488843,
  "total_planned_kms": 38029.0,
  "depot_avg_epk": 62.73764802156025,
  "depot_avg_or": 0.7690869259223911,
  "revenue_by_quadrant": {
    "INEFFICIENT": 52195.408338398236,
    "OVERSUPPLY": 881896.8580480603,
    "UNDERSUPPLY": 1654232.8210624258
  },
  "contribution_by_quadrant": {
    "INEFFICIENT": -25163.341661601764,
    "OVERSUPPLY": 674810.8080480604,
    "UNDERSUPPLY": 1147429.1210624257
  }
}