{
  "depot": "WARANGAL-II",
  "target_date": "2026-03-14",
  "predicted_depot_pkm": 2627229.25,
  "total_services": 158,
  "count_add_slot": 33,
  "count_cut": 6,
  "count_no_change": 119,
  "total_allocated_pkm": 2551813.4104250856,
  "quadrant_counts": {
    "UNDERSUPPLY": 71,
    "INEFFICIENT": 55,
    "OVERSUPPLY": 32
  },
  "quadrant_pcts": {
    "UNDERSUPPLY": 44.9,
    "INEFFICIENT": 34.8,
    "OVERSUPPLY": 20.3
  },
  "total_revenue": 3364268.4749506996,
  "total_contribution": 410907.9149507,
  "total_planned_kms": 75884.0,
  "depot_avg_epk": 44.63918570358914,
  "depot_avg_or": 0.6689744172187727,
  "revenue_by_quadrant": {
    "INEFFICIENT": 881056.1824756128,
    "OVERSUPPLY": 667555.5616370419,
    "UNDERSUPPLY": 1815656.7308380452
  },
  "contribution_by_quadrant": {
    "INEFFICIENT": -258354.9175243871,
    "OVERSUPPLY": 71773.66163704183,
    "UNDERSUPPLY": 597489.1708380452
  }
}