{
  "depot": "HYDERABAD-I",
  "target_date": "2026-03-14",
  "predicted_depot_pkm": 1635600.125,
  "total_services": 112,
  "count_add_slot": 36,
  "count_cut": 3,
  "count_no_change": 73,
  "total_allocated_pkm": 1585782.3591506328,
  "quadrant_counts": {
    "OVERSUPPLY": 55,
    "UNDERSUPPLY": 52,
    "INEFFICIENT": 5
  },
  "quadrant_pcts": {
    "OVERSUPPLY": 49.1,
    "UNDERSUPPLY": 46.4,
    "INEFFICIENT": 4.5
  },
  "total_revenue": 2327310.9780598045,
  "total_contribution": 1106589.7380598045,
  "total_planned_kms": 56941.0,
  "depot_avg_epk": 43.87207246804075,
  "depot_avg_or": 0.673400794794281,
  "revenue_by_quadrant": {
    "INEFFICIENT": 70227.50217152426,
    "OVERSUPPLY": 1033452.8048675444,
    "UNDERSUPPLY": 1223630.671020736
  },
  "contribution_by_quadrant": {
    "INEFFICIENT": -37014.63782847573,
    "OVERSUPPLY": 341815.04486754443,
    "UNDERSUPPLY": 801789.3310207359
  }
}