{
  "depot": "NARSAMPET",
  "target_date": "2026-03-14",
  "predicted_depot_pkm": 1854912.75,
  "total_services": 94,
  "count_add_slot": 58,
  "count_cut": 2,
  "count_no_change": 34,
  "total_allocated_pkm": 1785673.4679494046,
  "quadrant_counts": {
    "UNDERSUPPLY": 73,
    "OVERSUPPLY": 19,
    "INEFFICIENT": 2
  },
  "quadrant_pcts": {
    "UNDERSUPPLY": 77.7,
    "OVERSUPPLY": 20.2,
    "INEFFICIENT": 2.1
  },
  "total_revenue": 2136903.735051745,
  "total_contribution": 1265011.5350517458,
  "total_planned_kms": 40599.0,
  "depot_avg_epk": 52.67248228646852,
  "depot_avg_or": 0.8703754474904126,
  "revenue_by_quadrant": {
    "INEFFICIENT": 0.0,
    "OVERSUPPLY": 301531.34442357783,
    "UNDERSUPPLY": 1835372.3906281677
  },
  "contribution_by_quadrant": {
    "INEFFICIENT": -17323.6,
    "OVERSUPPLY": 119897.1244235778,
    "UNDERSUPPLY": 1162438.0106281678
  }
}