{
  "depot": "HANAMKONDA",
  "target_date": "2026-03-16",
  "predicted_depot_pkm": 2584676.5,
  "total_services": 169,
  "count_add_slot": 102,
  "count_cut": 1,
  "count_no_change": 66,
  "total_allocated_pkm": 2494366.938413989,
  "quadrant_counts": {
    "UNDERSUPPLY": 139,
    "OVERSUPPLY": 26,
    "INEFFICIENT": 3,
    "SOCIAL_OBLIGATION": 1
  },
  "quadrant_pcts": {
    "UNDERSUPPLY": 82.2,
    "OVERSUPPLY": 15.4,
    "INEFFICIENT": 1.8,
    "SOCIAL_OBLIGATION": 0.6
  },
  "total_revenue": 3107739.558208186,
  "total_contribution": 1615197.048208186,
  "total_planned_kms": 53984.0,
  "depot_avg_epk": 65.88424158268768,
  "depot_avg_or": 0.9312233242187331,
  "revenue_by_quadrant": {
    "INEFFICIENT": 19344.096036718947,
    "OVERSUPPLY": 464089.4804033605,
    "SOCIAL_OBLIGATION": 14874.57959665835,
    "UNDERSUPPLY": 2609431.4021714483
  },
  "contribution_by_quadrant": {
    "INEFFICIENT": -10831.443963281054,
    "OVERSUPPLY": 211559.74040336048,
    "SOCIAL_OBLIGATION": -0.14040334165110835,
    "UNDERSUPPLY": 1414468.8921714483
  }
}