{
  "depot": "KARIMNAGAR-I",
  "target_date": "2026-03-16",
  "predicted_depot_pkm": 1917595.625,
  "total_services": 108,
  "count_add_slot": 54,
  "count_cut": 2,
  "count_no_change": 52,
  "total_allocated_pkm": 1839953.77100861,
  "quadrant_counts": {
    "UNDERSUPPLY": 78,
    "OVERSUPPLY": 26,
    "INEFFICIENT": 4
  },
  "quadrant_pcts": {
    "UNDERSUPPLY": 72.2,
    "OVERSUPPLY": 24.1,
    "INEFFICIENT": 3.7
  },
  "total_revenue": 2307288.8672579364,
  "total_contribution": 1169757.1072579364,
  "total_planned_kms": 47350.0,
  "depot_avg_epk": 50.18076741994565,
  "depot_avg_or": 0.8098697575450216,
  "revenue_by_quadrant": {
    "INEFFICIENT": 3396.7801076842434,
    "OVERSUPPLY": 564938.613183242,
    "UNDERSUPPLY": 1738953.4739670104
  },
  "contribution_by_quadrant": {
    "INEFFICIENT": -27939.139892315758,
    "OVERSUPPLY": 234780.37318324207,
    "UNDERSUPPLY": 962915.8739670105
  }
}