{
  "depot": "PARKAL",
  "target_date": "2026-03-16",
  "predicted_depot_pkm": 1581044.875,
  "total_services": 79,
  "count_add_slot": 46,
  "count_cut": 1,
  "count_no_change": 32,
  "total_allocated_pkm": 1500664.4964966762,
  "quadrant_counts": {
    "UNDERSUPPLY": 61,
    "OVERSUPPLY": 14,
    "INEFFICIENT": 4
  },
  "quadrant_pcts": {
    "UNDERSUPPLY": 77.2,
    "OVERSUPPLY": 17.7,
    "INEFFICIENT": 5.1
  },
  "total_revenue": 1787952.6846338226,
  "total_contribution": 1060937.4746338227,
  "total_planned_kms": 34127.0,
  "depot_avg_epk": 52.48387568752358,
  "depot_avg_or": 0.8565660881209799,
  "revenue_by_quadrant": {
    "INEFFICIENT": 16975.62711657349,
    "OVERSUPPLY": 231188.58934236804,
    "UNDERSUPPLY": 1539788.468174881
  },
  "contribution_by_quadrant": {
    "INEFFICIENT": -14770.312883426508,
    "OVERSUPPLY": 95730.84934236803,
    "UNDERSUPPLY": 979976.9381748812
  }
}