{
  "depot": "HYDERABAD-I",
  "target_date": "2026-03-16",
  "predicted_depot_pkm": 1927342.125,
  "total_services": 112,
  "count_add_slot": 49,
  "count_cut": 2,
  "count_no_change": 61,
  "total_allocated_pkm": 1867170.6643314436,
  "quadrant_counts": {
    "UNDERSUPPLY": 66,
    "OVERSUPPLY": 42,
    "INEFFICIENT": 4
  },
  "quadrant_pcts": {
    "UNDERSUPPLY": 58.9,
    "OVERSUPPLY": 37.5,
    "INEFFICIENT": 3.6
  },
  "total_revenue": 2740066.3049966786,
  "total_contribution": 1519345.0649966784,
  "total_planned_kms": 56941.0,
  "depot_avg_epk": 51.66224257653437,
  "depot_avg_or": 0.7928900751879168,
  "revenue_by_quadrant": {
    "INEFFICIENT": 48853.46071641909,
    "OVERSUPPLY": 965965.040837107,
    "UNDERSUPPLY": 1725247.8034431525
  },
  "contribution_by_quadrant": {
    "INEFFICIENT": -25979.27928358091,
    "OVERSUPPLY": 363371.74083710706,
    "UNDERSUPPLY": 1181952.6034431525
  }
}