{
  "depot": "HYDERABAD-II",
  "target_date": "2026-03-16",
  "predicted_depot_pkm": 1661002.0,
  "total_services": 94,
  "count_add_slot": 48,
  "count_cut": 0,
  "count_no_change": 46,
  "total_allocated_pkm": 1630135.7415563578,
  "quadrant_counts": {
    "UNDERSUPPLY": 63,
    "OVERSUPPLY": 31
  },
  "quadrant_pcts": {
    "UNDERSUPPLY": 67.0,
    "OVERSUPPLY": 33.0
  },
  "total_revenue": 2234717.1519467942,
  "total_contribution": 1411015.6519467942,
  "total_planned_kms": 44645.0,
  "depot_avg_epk": 53.48000486438568,
  "depot_avg_or": 0.8518729784658949,
  "revenue_by_quadrant": {
    "OVERSUPPLY": 629126.06859887,
    "UNDERSUPPLY": 1605591.0833479243
  },
  "contribution_by_quadrant": {
    "OVERSUPPLY": 282508.56859886996,
    "UNDERSUPPLY": 1128507.0833479243
  }
}