{
  "depot": "BODHAN",
  "target_date": "2026-03-18",
  "predicted_depot_pkm": 1715573.25,
  "total_services": 101,
  "count_add_slot": 42,
  "count_cut": 0,
  "count_no_change": 59,
  "total_allocated_pkm": 1600686.0093243318,
  "quadrant_counts": {
    "UNDERSUPPLY": 63,
    "OVERSUPPLY": 29,
    "INEFFICIENT": 9
  },
  "quadrant_pcts": {
    "UNDERSUPPLY": 62.4,
    "OVERSUPPLY": 28.7,
    "INEFFICIENT": 8.9
  },
  "total_revenue": 2046621.8013001215,
  "total_contribution": 1110633.4413001214,
  "total_planned_kms": 49952.0,
  "depot_avg_epk": 44.60706974178848,
  "depot_avg_or": 0.7293420056950491,
  "revenue_by_quadrant": {
    "INEFFICIENT": 64260.231355170836,
    "OVERSUPPLY": 638539.3529963546,
    "UNDERSUPPLY": 1343822.2169485963
  },
  "contribution_by_quadrant": {
    "INEFFICIENT": -47104.95864482917,
    "OVERSUPPLY": 260145.9329963546,
    "UNDERSUPPLY": 897592.4669485962
  }
}