{
  "depot": "WARANGAL-I",
  "target_date": "2026-03-18",
  "predicted_depot_pkm": 2024050.875,
  "total_services": 132,
  "count_add_slot": 20,
  "count_cut": 1,
  "count_no_change": 111,
  "total_allocated_pkm": 1892529.1100638337,
  "quadrant_counts": {
    "OVERSUPPLY": 73,
    "UNDERSUPPLY": 56,
    "INEFFICIENT": 3
  },
  "quadrant_pcts": {
    "OVERSUPPLY": 55.3,
    "UNDERSUPPLY": 42.4,
    "INEFFICIENT": 2.3
  },
  "total_revenue": 2772238.83733208,
  "total_contribution": 1229208.2573320807,
  "total_planned_kms": 68078.0,
  "depot_avg_epk": 42.84064994791175,
  "depot_avg_or": 0.6638274734796018,
  "revenue_by_quadrant": {
    "INEFFICIENT": 20596.960451313684,
    "OVERSUPPLY": 1659186.3870760046,
    "UNDERSUPPLY": 1092455.4898047624
  },
  "contribution_by_quadrant": {
    "INEFFICIENT": -4323.979548686316,
    "OVERSUPPLY": 689897.7270760047,
    "UNDERSUPPLY": 543634.5098047623
  }
}