{
  "depot": "NIZAMABAD-I",
  "target_date": "2026-03-18",
  "predicted_depot_pkm": 1728540.25,
  "total_services": 125,
  "count_add_slot": 29,
  "count_cut": 0,
  "count_no_change": 96,
  "total_allocated_pkm": 1545130.7649288096,
  "quadrant_counts": {
    "OVERSUPPLY": 64,
    "UNDERSUPPLY": 53,
    "INEFFICIENT": 8
  },
  "quadrant_pcts": {
    "OVERSUPPLY": 51.2,
    "UNDERSUPPLY": 42.4,
    "INEFFICIENT": 6.4
  },
  "total_revenue": 2041641.0924068782,
  "total_contribution": 1053917.1124068783,
  "total_planned_kms": 51753.0,
  "depot_avg_epk": 41.58655764389172,
  "depot_avg_or": 0.6420857836726594,
  "revenue_by_quadrant": {
    "INEFFICIENT": 23287.76528861462,
    "OVERSUPPLY": 944355.2694056373,
    "UNDERSUPPLY": 1073998.0577126264
  },
  "contribution_by_quadrant": {
    "INEFFICIENT": -75099.27471138538,
    "OVERSUPPLY": 435114.2894056372,
    "UNDERSUPPLY": 693902.0977126263
  }
}