{
  "depot": "KUKATPALLY",
  "target_date": "2026-03-18",
  "predicted_depot_pkm": 1709036.125,
  "total_services": 204,
  "count_add_slot": 77,
  "count_cut": 0,
  "count_no_change": 127,
  "total_allocated_pkm": 1559971.716485323,
  "quadrant_counts": {
    "UNDERSUPPLY": 127,
    "OVERSUPPLY": 65,
    "INEFFICIENT": 12
  },
  "quadrant_pcts": {
    "UNDERSUPPLY": 62.3,
    "OVERSUPPLY": 31.9,
    "INEFFICIENT": 5.9
  },
  "total_revenue": 2622057.334855208,
  "total_contribution": 1830808.8348552089,
  "total_planned_kms": 38029.0,
  "depot_avg_epk": 63.153035036667745,
  "depot_avg_or": 0.770292709438889,
  "revenue_by_quadrant": {
    "INEFFICIENT": 28972.38789993019,
    "OVERSUPPLY": 961277.7392508651,
    "UNDERSUPPLY": 1631807.2077044134
  },
  "contribution_by_quadrant": {
    "INEFFICIENT": -23509.56210006981,
    "OVERSUPPLY": 720901.839250865,
    "UNDERSUPPLY": 1133416.5577044135
  }
}