{
  "depot": "HYDERABAD-II",
  "target_date": "2026-03-18",
  "predicted_depot_pkm": 1517472.375,
  "total_services": 94,
  "count_add_slot": 43,
  "count_cut": 0,
  "count_no_change": 51,
  "total_allocated_pkm": 1498623.7630547038,
  "quadrant_counts": {
    "UNDERSUPPLY": 57,
    "OVERSUPPLY": 34,
    "INEFFICIENT": 3
  },
  "quadrant_pcts": {
    "UNDERSUPPLY": 60.6,
    "OVERSUPPLY": 36.2,
    "INEFFICIENT": 3.2
  },
  "total_revenue": 2051982.4042703353,
  "total_contribution": 1228280.9042703356,
  "total_planned_kms": 44645.0,
  "depot_avg_epk": 49.17060581371289,
  "depot_avg_or": 0.7831126388288882,
  "revenue_by_quadrant": {
    "INEFFICIENT": 43623.083277015336,
    "OVERSUPPLY": 647710.1440454671,
    "UNDERSUPPLY": 1360649.176947853
  },
  "contribution_by_quadrant": {
    "INEFFICIENT": -3616.7167229846564,
    "OVERSUPPLY": 294598.46404546715,
    "UNDERSUPPLY": 937299.156947853
  }
}