{
  "depot": "IBRAHIMPATNAM",
  "target_date": "2026-03-18",
  "predicted_depot_pkm": 2029232.0,
  "total_services": 189,
  "count_add_slot": 67,
  "count_cut": 0,
  "count_no_change": 122,
  "total_allocated_pkm": 1936134.2863750153,
  "quadrant_counts": {
    "UNDERSUPPLY": 131,
    "OVERSUPPLY": 58
  },
  "quadrant_pcts": {
    "UNDERSUPPLY": 69.3,
    "OVERSUPPLY": 30.7
  },
  "total_revenue": 2630127.6729153283,
  "total_contribution": 1751062.8929153285,
  "total_planned_kms": 44803.0,
  "depot_avg_epk": 60.25491506058376,
  "depot_avg_or": 0.7955369675910292,
  "revenue_by_quadrant": {
    "OVERSUPPLY": 683105.6694735463,
    "UNDERSUPPLY": 1947022.003441782
  },
  "contribution_by_quadrant": {
    "OVERSUPPLY": 376716.38947354635,
    "UNDERSUPPLY": 1374346.503441782
  }
}