{
  "version": "xgb_v1",
  "created_date": "2026-03-18T11:17:49.269159",
  "target": "passenger_kms",
  "n_features": 50,
  "features": [
    "fes_hol_code",
    "dow_0",
    "dow_1",
    "dow_2",
    "dow_3",
    "dow_4",
    "dow_5",
    "dow_6",
    "month",
    "day_counter",
    "max_temp",
    "min_temp",
    "daily_rainfall",
    "is_rainy",
    "fes_hol_minus_1",
    "fes_hol_minus_2",
    "fes_hol_minus_3",
    "fes_hol_plus_1",
    "fes_hol_plus_2",
    "days_to_next_festival",
    "days_since_last_festival",
    "next_fes_hol_code",
    "next_festival_cluster_len",
    "post_festival_days",
    "festival_cluster_len",
    "post_festival_weekend",
    "pre_festival_weekend",
    "post_festival_return_workday",
    "pre_festival_wknd_x_cluster",
    "post_festival_wknd_x_cluster",
    "expected_intensity",
    "depot_festival_te",
    "fes_hol_category_te",
    "post_festival_intensity",
    "pre_festival_intensity",
    "pkm_lag_2",
    "pkm_lag_7",
    "pkm_lag_14",
    "pkm_lag_21",
    "pkm_roll7_mean",
    "pkm_roll7_std",
    "pkm_roll14_mean",
    "pkm_roll21_mean",
    "pkm_momentum_7_21",
    "pkm_same_dow_3med",
    "lag2_is_festival",
    "depot_te",
    "depot_dow_te",
    "depot_month_te",
    "telugu_thithi_encoded"
  ],
  "feature_importances": {
    "pkm_roll7_mean": 0.3471377193927765,
    "pkm_same_dow_3med": 0.20536553859710693,
    "pkm_roll21_mean": 0.11391465365886688,
    "pkm_roll14_mean": 0.08821535855531693,
    "pkm_lag_2": 0.03392709791660309,
    "depot_dow_te": 0.019252128899097443,
    "depot_te": 0.019072847440838814,
    "fes_hol_category_te": 0.012149468064308167,
    "expected_intensity": 0.01174564752727747,
    "pkm_lag_7": 0.010803486220538616,
    "dow_0": 0.009337031282484531,
    "depot_festival_te": 0.00859388243407011,
    "festival_cluster_len": 0.006524637341499329,
    "day_counter": 0.00503530353307724,
    "dow_2": 0.0050023384392261505,
    "daily_rainfall": 0.004826101008802652,
    "post_festival_intensity": 0.00482592498883605,
    "pre_festival_wknd_x_cluster": 0.004755021072924137,
    "fes_hol_code": 0.00468081422150135,
    "fes_hol_minus_1": 0.0044134254567325115,
    "telugu_thithi_encoded": 0.004287161864340305,
    "lag2_is_festival": 0.004214632790535688,
    "dow_6": 0.003985326737165451,
    "next_festival_cluster_len": 0.003935873508453369,
    "fes_hol_plus_2": 0.003935761749744415,
    "days_to_next_festival": 0.003850668203085661,
    "month": 0.0034944009967148304,
    "post_festival_return_workday": 0.0033814064227044582,
    "next_fes_hol_code": 0.0033269799314439297,
    "days_since_last_festival": 0.0031428514048457146,
    "post_festival_wknd_x_cluster": 0.003118915716186166,
    "fes_hol_minus_2": 0.003054095432162285,
    "pre_festival_weekend": 0.003022976452484727,
    "pkm_roll7_std": 0.002993174595758319,
    "is_rainy": 0.002858619438484311,
    "post_festival_days": 0.0027100795414298773,
    "fes_hol_minus_3": 0.0025628486182540655,
    "pkm_momentum_7_21": 0.0023187354672700167,
    "fes_hol_plus_1": 0.0022590127773582935,
    "post_festival_weekend": 0.0020971994381397963,
    "pre_festival_intensity": 0.0020195518154650927,
    "pkm_lag_21": 0.0018445660825818777,
    "dow_5": 0.0017934239003807306,
    "pkm_lag_14": 0.001697044586762786,
    "max_temp": 0.0016579953953623772,
    "dow_3": 0.0015836171805858612,
    "depot_month_te": 0.0015359765384346247,
    "min_temp": 0.0015085195191204548,
    "dow_4": 0.0012441878207027912,
    "dow_1": 0.0009860364953055978
  }
}