{
  "depot": "PARKAL",
  "target_date": "2026-03-11",
  "predicted_depot_pkm": 1406456.125,
  "total_services": 79,
  "count_add_slot": 35,
  "count_cut": 2,
  "count_no_change": 42,
  "total_allocated_pkm": 1332417.4773857018,
  "quadrant_counts": {
    "UNDERSUPPLY": 54,
    "OVERSUPPLY": 21,
    "INEFFICIENT": 4
  },
  "quadrant_pcts": {
    "UNDERSUPPLY": 68.4,
    "OVERSUPPLY": 26.6,
    "INEFFICIENT": 5.1
  },
  "total_revenue": 1585947.6391571378,
  "total_contribution": 858932.4291571376,
  "total_planned_kms": 34127.0,
  "depot_avg_epk": 46.69613186240639,
  "depot_avg_or": 0.762424386608441,
  "revenue_by_quadrant": {
    "INEFFICIENT": 14655.68918114912,
    "OVERSUPPLY": 327169.9320708919,
    "UNDERSUPPLY": 1244122.0179050965
  },
  "contribution_by_quadrant": {
    "INEFFICIENT": -13308.930818850878,
    "OVERSUPPLY": 128542.99207089191,
    "UNDERSUPPLY": 743698.3679050966
  }
}