{
  "depot": "KARIMNAGAR-I",
  "target_date": "2026-03-11",
  "predicted_depot_pkm": 1668390.5,
  "total_services": 108,
  "count_add_slot": 29,
  "count_cut": 2,
  "count_no_change": 77,
  "total_allocated_pkm": 1598008.051258538,
  "quadrant_counts": {
    "UNDERSUPPLY": 65,
    "OVERSUPPLY": 37,
    "INEFFICIENT": 6
  },
  "quadrant_pcts": {
    "UNDERSUPPLY": 60.2,
    "OVERSUPPLY": 34.3,
    "INEFFICIENT": 5.6
  },
  "total_revenue": 2002022.3418756004,
  "total_contribution": 864490.5818756006,
  "total_planned_kms": 47350.0,
  "depot_avg_epk": 43.25680136077693,
  "depot_avg_or": 0.6988577616282198,
  "revenue_by_quadrant": {
    "INEFFICIENT": 23620.217401113514,
    "OVERSUPPLY": 656518.0187295306,
    "UNDERSUPPLY": 1321884.1057449563
  },
  "contribution_by_quadrant": {
    "INEFFICIENT": -34096.422598886486,
    "OVERSUPPLY": 235220.47872953065,
    "UNDERSUPPLY": 663366.5257449565
  }
}