{
  "depot": "JANGAON",
  "target_date": "2026-03-11",
  "predicted_depot_pkm": 2117478.0,
  "total_services": 115,
  "count_add_slot": 40,
  "count_cut": 0,
  "count_no_change": 75,
  "total_allocated_pkm": 1999444.3129153496,
  "quadrant_counts": {
    "UNDERSUPPLY": 79,
    "OVERSUPPLY": 35,
    "INEFFICIENT": 1
  },
  "quadrant_pcts": {
    "UNDERSUPPLY": 68.7,
    "OVERSUPPLY": 30.4,
    "INEFFICIENT": 0.9
  },
  "total_revenue": 2350415.2777530365,
  "total_contribution": 1565537.5977530363,
  "total_planned_kms": 49455.0,
  "depot_avg_epk": 47.43691317320791,
  "depot_avg_or": 0.7814420114029592,
  "revenue_by_quadrant": {
    "INEFFICIENT": 7968.501049790507,
    "OVERSUPPLY": 547268.0450732844,
    "UNDERSUPPLY": 1795178.7316299614
  },
  "contribution_by_quadrant": {
    "INEFFICIENT": -1091.4989502094932,
    "OVERSUPPLY": 299147.9550732844,
    "UNDERSUPPLY": 1267481.1416299613
  }
}