{
  "depot": "BHUPALAPALLAY",
  "target_date": "2026-03-11",
  "predicted_depot_pkm": 1543521.875,
  "total_services": 86,
  "count_add_slot": 33,
  "count_cut": 1,
  "count_no_change": 52,
  "total_allocated_pkm": 1491441.8785220108,
  "quadrant_counts": {
    "UNDERSUPPLY": 58,
    "OVERSUPPLY": 20,
    "INEFFICIENT": 8
  },
  "quadrant_pcts": {
    "UNDERSUPPLY": 67.4,
    "OVERSUPPLY": 23.3,
    "INEFFICIENT": 9.3
  },
  "total_revenue": 1883509.2880978973,
  "total_contribution": 1046792.9080978972,
  "total_planned_kms": 40068.0,
  "depot_avg_epk": 46.869345550414046,
  "depot_avg_or": 0.7455736675115723,
  "revenue_by_quadrant": {
    "INEFFICIENT": 45249.57861921471,
    "OVERSUPPLY": 337597.46185214166,
    "UNDERSUPPLY": 1500662.2476265407
  },
  "contribution_by_quadrant": {
    "INEFFICIENT": -29427.18138078529,
    "OVERSUPPLY": 148561.20185214165,
    "UNDERSUPPLY": 927658.8876265407
  }
}