{
  "depot": "ARMOOR",
  "target_date": "2026-03-11",
  "predicted_depot_pkm": 1466508.5,
  "total_services": 90,
  "count_add_slot": 27,
  "count_cut": 2,
  "count_no_change": 61,
  "total_allocated_pkm": 1226586.9695002614,
  "quadrant_counts": {
    "UNDERSUPPLY": 46,
    "OVERSUPPLY": 38,
    "INEFFICIENT": 6
  },
  "quadrant_pcts": {
    "UNDERSUPPLY": 51.1,
    "OVERSUPPLY": 42.2,
    "INEFFICIENT": 6.7
  },
  "total_revenue": 1707607.692645701,
  "total_contribution": 1026638.4926457009,
  "total_planned_kms": 36987.0,
  "depot_avg_epk": 47.98801271596516,
  "depot_avg_or": 0.6754179071697124,
  "revenue_by_quadrant": {
    "INEFFICIENT": 22692.625050448216,
    "OVERSUPPLY": 544828.5985149672,
    "UNDERSUPPLY": 1140086.4690802854
  },
  "contribution_by_quadrant": {
    "INEFFICIENT": -18501.274949551786,
    "OVERSUPPLY": 219540.69851496723,
    "UNDERSUPPLY": 825599.0690802855
  }
}