{
  "depot": "HYDERABAD-II",
  "target_date": "2026-03-11",
  "predicted_depot_pkm": 1492510.875,
  "total_services": 94,
  "count_add_slot": 37,
  "count_cut": 0,
  "count_no_change": 57,
  "total_allocated_pkm": 1453936.7582568524,
  "quadrant_counts": {
    "UNDERSUPPLY": 52,
    "OVERSUPPLY": 39,
    "INEFFICIENT": 3
  },
  "quadrant_pcts": {
    "UNDERSUPPLY": 55.3,
    "OVERSUPPLY": 41.5,
    "INEFFICIENT": 3.2
  },
  "total_revenue": 1995919.2468581565,
  "total_contribution": 1172217.7468581565,
  "total_planned_kms": 44645.0,
  "depot_avg_epk": 47.60334220648581,
  "depot_avg_or": 0.7580730142302511,
  "revenue_by_quadrant": {
    "INEFFICIENT": 44936.030561416774,
    "OVERSUPPLY": 744147.3065786576,
    "UNDERSUPPLY": 1206835.9097180823
  },
  "contribution_by_quadrant": {
    "INEFFICIENT": -2303.7694385832256,
    "OVERSUPPLY": 347017.9465786576,
    "UNDERSUPPLY": 827503.5697180822
  }
}