{
  "depot": "HYDERABAD-I",
  "target_date": "2026-03-17",
  "predicted_depot_pkm": 1685488.0,
  "total_services": 112,
  "count_add_slot": 38,
  "count_cut": 2,
  "count_no_change": 72,
  "total_allocated_pkm": 1630315.3902545057,
  "quadrant_counts": {
    "UNDERSUPPLY": 56,
    "OVERSUPPLY": 51,
    "INEFFICIENT": 5
  },
  "quadrant_pcts": {
    "UNDERSUPPLY": 50.0,
    "OVERSUPPLY": 45.5,
    "INEFFICIENT": 4.5
  },
  "total_revenue": 2391155.2025961825,
  "total_contribution": 1170433.9625961825,
  "total_planned_kms": 56941.0,
  "depot_avg_epk": 45.11091348893023,
  "depot_avg_or": 0.6926327539047384,
  "revenue_by_quadrant": {
    "INEFFICIENT": 72931.85648450816,
    "OVERSUPPLY": 981017.996246852,
    "UNDERSUPPLY": 1337205.3498648223
  },
  "contribution_by_quadrant": {
    "INEFFICIENT": -34310.28351549183,
    "OVERSUPPLY": 323368.07624685194,
    "UNDERSUPPLY": 881376.1698648223
  }
}