{
  "depot": "WARANGAL-II",
  "target_date": "2026-03-17",
  "predicted_depot_pkm": 2801150.75,
  "total_services": 158,
  "count_add_slot": 41,
  "count_cut": 4,
  "count_no_change": 113,
  "total_allocated_pkm": 2679607.1410064735,
  "quadrant_counts": {
    "UNDERSUPPLY": 79,
    "INEFFICIENT": 44,
    "OVERSUPPLY": 35
  },
  "quadrant_pcts": {
    "UNDERSUPPLY": 50.0,
    "INEFFICIENT": 27.8,
    "OVERSUPPLY": 22.2
  },
  "total_revenue": 3536091.180298567,
  "total_contribution": 582730.620298567,
  "total_planned_kms": 75884.0,
  "depot_avg_epk": 46.95113513285883,
  "depot_avg_or": 0.7040933671138427,
  "revenue_by_quadrant": {
    "INEFFICIENT": 698840.1681043871,
    "OVERSUPPLY": 749887.1301509967,
    "UNDERSUPPLY": 2087363.882043183
  },
  "contribution_by_quadrant": {
    "INEFFICIENT": -214188.53189561283,
    "OVERSUPPLY": 82749.8101509968,
    "UNDERSUPPLY": 714169.342043183
  }
}