{
  "depot": "THORROR",
  "target_date": "2026-03-15",
  "predicted_depot_pkm": 2000009.0,
  "total_services": 94,
  "count_add_slot": 70,
  "count_cut": 3,
  "count_no_change": 21,
  "total_allocated_pkm": 1922785.969540792,
  "quadrant_counts": {
    "UNDERSUPPLY": 82,
    "OVERSUPPLY": 9,
    "INEFFICIENT": 3
  },
  "quadrant_pcts": {
    "UNDERSUPPLY": 87.2,
    "OVERSUPPLY": 9.6,
    "INEFFICIENT": 3.2
  },
  "total_revenue": 2392842.7061067596,
  "total_contribution": 1455111.9361067603,
  "total_planned_kms": 40942.0,
  "depot_avg_epk": 58.64186717308426,
  "depot_avg_or": 0.9326409811489227,
  "revenue_by_quadrant": {
    "INEFFICIENT": 9953.455493803493,
    "OVERSUPPLY": 147994.93695384162,
    "UNDERSUPPLY": 2234894.313659115
  },
  "contribution_by_quadrant": {
    "INEFFICIENT": -13209.354506196509,
    "OVERSUPPLY": 63758.74695384163,
    "UNDERSUPPLY": 1404562.543659115
  }
}