{
  "depot": "WARANGAL-I",
  "target_date": "2026-03-15",
  "predicted_depot_pkm": 2131651.75,
  "total_services": 132,
  "count_add_slot": 29,
  "count_cut": 0,
  "count_no_change": 103,
  "total_allocated_pkm": 2018300.7031623167,
  "quadrant_counts": {
    "OVERSUPPLY": 68,
    "UNDERSUPPLY": 64
  },
  "quadrant_pcts": {
    "OVERSUPPLY": 51.5,
    "UNDERSUPPLY": 48.5
  },
  "total_revenue": 2946087.503222658,
  "total_contribution": 1403056.9232226582,
  "total_planned_kms": 68078.0,
  "depot_avg_epk": 45.54736187165278,
  "depot_avg_or": 0.7058279293914912,
  "revenue_by_quadrant": {
    "OVERSUPPLY": 1617614.7307579406,
    "UNDERSUPPLY": 1328472.7724647175
  },
  "contribution_by_quadrant": {
    "OVERSUPPLY": 710945.2107579407,
    "UNDERSUPPLY": 692111.7124647174
  }
}