{
  "depot": "PARKAL",
  "target_date": "2026-03-15",
  "predicted_depot_pkm": 1456187.25,
  "total_services": 79,
  "count_add_slot": 39,
  "count_cut": 1,
  "count_no_change": 39,
  "total_allocated_pkm": 1385815.8738581825,
  "quadrant_counts": {
    "UNDERSUPPLY": 57,
    "OVERSUPPLY": 19,
    "INEFFICIENT": 3
  },
  "quadrant_pcts": {
    "UNDERSUPPLY": 72.2,
    "OVERSUPPLY": 24.1,
    "INEFFICIENT": 3.8
  },
  "total_revenue": 1650888.7354288825,
  "total_contribution": 923873.5254288828,
  "total_planned_kms": 34127.0,
  "depot_avg_epk": 48.44575569335507,
  "depot_avg_or": 0.7908931044068407,
  "revenue_by_quadrant": {
    "INEFFICIENT": 6544.465732474327,
    "OVERSUPPLY": 288133.30277397676,
    "UNDERSUPPLY": 1356210.9669224315
  },
  "contribution_by_quadrant": {
    "INEFFICIENT": -15167.554267525671,
    "OVERSUPPLY": 112307.20277397675,
    "UNDERSUPPLY": 826733.8769224316
  }
}