{
  "depot": "HANAMKONDA",
  "target_date": "2026-03-15",
  "predicted_depot_pkm": 2258645.0,
  "total_services": 169,
  "count_add_slot": 70,
  "count_cut": 1,
  "count_no_change": 98,
  "total_allocated_pkm": 2178523.8092042822,
  "quadrant_counts": {
    "UNDERSUPPLY": 113,
    "OVERSUPPLY": 47,
    "INEFFICIENT": 7,
    "SOCIAL_OBLIGATION": 2
  },
  "quadrant_pcts": {
    "UNDERSUPPLY": 66.9,
    "OVERSUPPLY": 27.8,
    "INEFFICIENT": 4.1,
    "SOCIAL_OBLIGATION": 1.2
  },
  "total_revenue": 2714001.5905116135,
  "total_contribution": 1221459.0805116135,
  "total_planned_kms": 53984.0,
  "depot_avg_epk": 57.625571592954934,
  "depot_avg_or": 0.8142033928693141,
  "revenue_by_quadrant": {
    "INEFFICIENT": 82088.867495288,
    "OVERSUPPLY": 767979.806998074,
    "SOCIAL_OBLIGATION": 29552.3870291318,
    "UNDERSUPPLY": 1834380.52898912
  },
  "contribution_by_quadrant": {
    "INEFFICIENT": -18475.972504712012,
    "OVERSUPPLY": 365524.47699807404,
    "SOCIAL_OBLIGATION": -905.3729708682004,
    "UNDERSUPPLY": 875315.9489891198
  }
}