{
  "depot": "WARANGAL-II",
  "target_date": "2026-03-15",
  "predicted_depot_pkm": 2884735.25,
  "total_services": 158,
  "count_add_slot": 50,
  "count_cut": 5,
  "count_no_change": 103,
  "total_allocated_pkm": 2794863.9522935413,
  "quadrant_counts": {
    "UNDERSUPPLY": 87,
    "INEFFICIENT": 41,
    "OVERSUPPLY": 30
  },
  "quadrant_pcts": {
    "UNDERSUPPLY": 55.1,
    "INEFFICIENT": 25.9,
    "OVERSUPPLY": 19.0
  },
  "total_revenue": 3685785.452517204,
  "total_contribution": 732424.8925172044,
  "total_planned_kms": 75884.0,
  "depot_avg_epk": 48.91666475386774,
  "depot_avg_or": 0.7332348680170845,
  "revenue_by_quadrant": {
    "INEFFICIENT": 674177.6242847054,
    "OVERSUPPLY": 658421.8374113156,
    "UNDERSUPPLY": 2353185.990821183
  },
  "contribution_by_quadrant": {
    "INEFFICIENT": -186762.77571529459,
    "OVERSUPPLY": 80038.13741131569,
    "UNDERSUPPLY": 839149.5308211832
  }
}