{
  "depot": "MAHABOOBABAD",
  "target_date": "2026-03-15",
  "predicted_depot_pkm": 1332795.875,
  "total_services": 76,
  "count_add_slot": 38,
  "count_cut": 3,
  "count_no_change": 35,
  "total_allocated_pkm": 1283174.4277346511,
  "quadrant_counts": {
    "UNDERSUPPLY": 55,
    "OVERSUPPLY": 17,
    "INEFFICIENT": 4
  },
  "quadrant_pcts": {
    "UNDERSUPPLY": 72.4,
    "OVERSUPPLY": 22.4,
    "INEFFICIENT": 5.3
  },
  "total_revenue": 1491039.2969214774,
  "total_contribution": 932551.5069214777,
  "total_planned_kms": 31066.0,
  "depot_avg_epk": 47.52840985722192,
  "depot_avg_or": 0.7886444915962256,
  "revenue_by_quadrant": {
    "INEFFICIENT": 11115.93806126228,
    "OVERSUPPLY": 243319.9603651591,
    "UNDERSUPPLY": 1236603.3984950562
  },
  "contribution_by_quadrant": {
    "INEFFICIENT": -17104.51193873772,
    "OVERSUPPLY": 116590.16036515908,
    "UNDERSUPPLY": 833065.8584950562
  }
}